,Book Name,Price
0,CUET 2022 Book Mathematics (Maths) 25 Practice Sets By ...,165
1,Mission NDA : Serve At Young Age,414
2,Objective Ncert at Your Fingertips for Neet-Aiims-Biolo...,553
3,Objective General English  - OBJECTIVE GENERAL ENGLISH ...,155
4,Super 10 Mock Tests for New Pattern NTA NEET (UG) 2022 ...,153
5,Mathematics for Class 10 - Cbse,471
6,Word Power Made Easy  - Word Power,116
7,Miss & Chief 1001 Activities Book,287
8,Quantitative Aptitude for Competitive Examinations  - Q...,368
9,27 Years Upsc IAS/ Ips Prelims Topic-Wise Solved Papers...,275
10,General Knowledge 2022,74
11,COMBINED CDS (OTA) BOOK,357
12,How to Crack Test of Reasoning,95
13,Objective Ncert at Your Fingertips for Neet-Aiims-Physi...,424
14,"Master Reasoning Book Verbal, Non-Verbal & Analytical",288
15,"My Fun Learning Board Books - Pack 1 (Animals, Fruits, ...",189
16,Encyclopedia of General Science for General Competition...,128
17,A Brief History of Modern India,229
18,400 Days,95
19,Set of 8 Panchatantra and Traditional Story Books colle...,128
20,Target High  - staff nursing exam book,942
21,Current Affairs Yearly 2022,94
22,The Girl in Room 105,95
23,Miss & Chief Touch And Feel - Colours And Shapes (Board...,153
24,Indian Polity ( English| 6th Revised Edition) | UPSC | ...,561
25,Rich Dad Poor Dad,146
26,Sochiye Aur Amir Baniye (Think And Grow Rich),55
27,Miss & Chief Brilliant Brain Activity Book 7+ (Paperbac...,105
28,Fast Track Objective Arithmetic,206
29,Rich Dad Poor Dad,239
30,One Arranged Murder,105
31,Miss & Chief 365 Math Activity,124
32,The Power of Your Subconscious Mind,83
33,Great Stories for Children,85
34,Rich Dad Poor Dad,241
35,Miss & Chief Refreshing Mandala- Colouring Book For Adu...,153
36,Indian Polity - for Civil Services and Other State Exam...,599
37,Attitude Is Everything,87
38,Cbse All in One English Language & Literature Class 10 ...,368
39,Nursery Pattern Writing,91
